,BRAND,PRODUCT_NAME,PRICE,RETURN/EXCHANGE,EXPECTED_DELIVERY,AVAILABILITY,PRODUCT_LINK
0,Kadence,"Kadence Slowhand Premium Jumbo Semi Acoustic Guitar with Heavy Padded Bag, guitar cable, Pro Capo (Black Spruce Wood)","₹8,999.00",7 Days Replacement,"Friday, 30 September",In stock.,https://www.amazon.in/sspa/click?ie=UTF8&spc=MTo4MjQwMjQ5NjU4NzkwNDkxOjE2NjQwNDIxOTU6c3BfYXRmOjIwMDc5NTg1MDE4NTk4OjowOjo&sp_csd=d2lkZ2V0TmFtZT1zcF9hdGY&url=%2FKadence-Slowhand-Premium-Acoustic-Instrument%2Fdp%2FB077SZ667X%2Fref%3Dsr_1_1_sspa%3Fkeywords%3Dguitar%26qid%3D1664042195%26sr%3D8-1-spons%26psc%3D1%26smid%3DAM04Z7MH4HSDD
1,KREEPO,KREEPO Guitar Fretboard Stickers Beginner Learner Fingerboard Frets Map Sticker for All 6 Strings Electric-Acoustic Guitars Sticker Multicolor(9.1cm X 14.5cm),₹299.00,7 Days Replacement,-,In stock.,https://www.amazon.in/sspa/click?ie=UTF8&spc=MTo4MjQwMjQ5NjU4NzkwNDkxOjE2NjQwNDIxOTU6c3BfYXRmOjIwMDc5NjkzNDk2MDk4OjowOjo&sp_csd=d2lkZ2V0TmFtZT1zcF9hdGY&url=%2FKREEPO-Fretboard-Fingerboard-Electric-Acoustic-Multicolor%2Fdp%2FB09DWZQC29%2Fref%3Dsr_1_2_sspa%3Fkeywords%3Dguitar%26qid%3D1664042195%26sr%3D8-2-spons%26psc%3D1
2,KREEPO,KREEPO Guitar Fretboard Sticker Fingerboard Embossed Carved Decals Stickers (Trapezium Design) With Brown Color(5cm X 17cm),₹299.00,7 Days Replacement,-,In stock.,https://www.amazon.in/sspa/click?ie=UTF8&spc=MTo4MjQwMjQ5NjU4NzkwNDkxOjE2NjQwNDIxOTU6c3BfYXRmOjIwMDc5NjkzNDk1OTk4OjowOjo&sp_csd=d2lkZ2V0TmFtZT1zcF9hdGY&url=%2FKREEPO-Fretboard-Fingerboard-Embossed-Trapezium%2Fdp%2FB09DWZS1JZ%2Fref%3Dsr_1_3_sspa%3Fkeywords%3Dguitar%26qid%3D1664042195%26sr%3D8-3-spons%26psc%3D1
3,JUAREZ,"Juârez Acoustic Guitar, 38 Inch Cutaway, 038C with Bag, Strings, Pick and Strap, Black","₹1,774.00",7 Days Replacement,"Wednesday, 28 September",In stock.,https://www.amazon.in/Juarez-Acoustic-Cutaway-038C-Strings/dp/B017NPCSLI/ref=sr_1_4?keywords=guitar&qid=1664042195&sr=8-4
4,Intern,"Intern INT-38C Right hand Acoustic Guitar Kit, With Bag, Strings, Pick And Strap, Black, small","₹1,799.00",7 Days Replacement,"Wednesday, 28 September",In stock.,https://www.amazon.in/Intern-INT-38C-Acoustic-Guitar-Black/dp/B073B6TQQY/ref=sr_1_5?keywords=guitar&qid=1664042195&sr=8-5
5,Intern,Intern 38C Ebony Wood Cutaway Design Acoustic Guitar with Picks And Carry Bag (Black),"₹1,699.00",7 Days Replacement,"Wednesday, 28 September",In stock.,https://www.amazon.in/Intern-38-inch-Cutaway-Design-Acoustic/dp/B07X4PN85R/ref=sr_1_6?keywords=guitar&qid=1664042195&sr=8-6
6,Fender,Fender CD 60 Dread V3 DS 6 String Acoustic Guitar - Walnut Fretboard-Black,"₹12,499.00",7 Days Replacement,"Wednesday, 28 September",In stock.,https://www.amazon.in/Fender-Dread-String-Acoustic-Guitar/dp/B07RM4B5LJ/ref=sxin_14?asc_contentid=amzn1.osa.39dd7fbf-afb9-4b33-a89b-5dc1ff018d2f.A21TJRUUN4KGV.en_IN&asc_contenttype=article&ascsubtag=amzn1.osa.39dd7fbf-afb9-4b33-a89b-5dc1ff018d2f.A21TJRUUN4KGV.en_IN&content-id=amzn1.sym.5ddd0a98-0444-4cd7-ad42-d5b6aca160cf%3Aamzn1.sym.5ddd0a98-0444-4cd7-ad42-d5b6aca160cf&creativeASIN=B07RM4B5LJ&cv_ct_cx=guitar&cv_ct_id=amzn1.osa.39dd7fbf-afb9-4b33-a89b-5dc1ff018d2f.A21TJRUUN4KGV.en_IN&cv_ct_pg=search&cv_ct_we=asin&cv_ct_wn=osp-single-source-all-asins&keywords=guitar&linkCode=oas&pd_rd_i=B07RM4B5LJ&pd_rd_r=e3744c1b-d48e-4ed8-b335-873f6d9ed238&pd_rd_w=6kEHM&pd_rd_wg=0qVMI&pf_rd_p=5ddd0a98-0444-4cd7-ad42-d5b6aca160cf&pf_rd_r=3DQ6AHEBTSJMBB0A14ZC&qid=1664042195&sr=1-1-887d48f0-d798-4604-a3e5-14d9d204cf06&tag=sm-content-21
7,YAMAHA,"Yamaha FS100C Acoustic Guitar, Natural","₹9,490.00",7 Days Replacement,"Saturday, 1 October",In stock.,https://www.amazon.in/Yamaha-FS100C-Acoustic-Guitars-Natural/dp/B00QKD79QE/ref=sxin_14?asc_contentid=amzn1.osa.39dd7fbf-afb9-4b33-a89b-5dc1ff018d2f.A21TJRUUN4KGV.en_IN&asc_contenttype=article&ascsubtag=amzn1.osa.39dd7fbf-afb9-4b33-a89b-5dc1ff018d2f.A21TJRUUN4KGV.en_IN&content-id=amzn1.sym.5ddd0a98-0444-4cd7-ad42-d5b6aca160cf%3Aamzn1.sym.5ddd0a98-0444-4cd7-ad42-d5b6aca160cf&creativeASIN=B00QKD79QE&cv_ct_cx=guitar&cv_ct_id=amzn1.osa.39dd7fbf-afb9-4b33-a89b-5dc1ff018d2f.A21TJRUUN4KGV.en_IN&cv_ct_pg=search&cv_ct_we=asin&cv_ct_wn=osp-single-source-all-asins&keywords=guitar&linkCode=oas&pd_rd_i=B00QKD79QE&pd_rd_r=e3744c1b-d48e-4ed8-b335-873f6d9ed238&pd_rd_w=6kEHM&pd_rd_wg=0qVMI&pf_rd_p=5ddd0a98-0444-4cd7-ad42-d5b6aca160cf&pf_rd_r=3DQ6AHEBTSJMBB0A14ZC&qid=1664042195&sr=1-2-887d48f0-d798-4604-a3e5-14d9d204cf06&tag=sm-content-21
8,HOVNER,"Hovner 215 Black F-Cut Rosewood Fretboard Acoustic Guitar With Bag,Strap,1 Set of Extra Strings and 2 Picks By K-Retail","₹4,256.00",7 Days Replacement,"Wednesday, 5 October",In stock.,https://www.amazon.in/Rosewood-Fretboard-Acoustic-Strings-K-Retail/dp/B07KLG8C4P/ref=sxin_14?asc_contentid=amzn1.osa.39dd7fbf-afb9-4b33-a89b-5dc1ff018d2f.A21TJRUUN4KGV.en_IN&asc_contenttype=article&ascsubtag=amzn1.osa.39dd7fbf-afb9-4b33-a89b-5dc1ff018d2f.A21TJRUUN4KGV.en_IN&content-id=amzn1.sym.5ddd0a98-0444-4cd7-ad42-d5b6aca160cf%3Aamzn1.sym.5ddd0a98-0444-4cd7-ad42-d5b6aca160cf&creativeASIN=B07KLG8C4P&cv_ct_cx=guitar&cv_ct_id=amzn1.osa.39dd7fbf-afb9-4b33-a89b-5dc1ff018d2f.A21TJRUUN4KGV.en_IN&cv_ct_pg=search&cv_ct_we=asin&cv_ct_wn=osp-single-source-all-asins&keywords=guitar&linkCode=oas&pd_rd_i=B07KLG8C4P&pd_rd_r=e3744c1b-d48e-4ed8-b335-873f6d9ed238&pd_rd_w=6kEHM&pd_rd_wg=0qVMI&pf_rd_p=5ddd0a98-0444-4cd7-ad42-d5b6aca160cf&pf_rd_r=3DQ6AHEBTSJMBB0A14ZC&qid=1664042195&sr=1-3-887d48f0-d798-4604-a3e5-14d9d204cf06&tag=sm-content-21
9,Kadence,"Kadence Guitar Acoustica Series, 41” Jumbo Size 6-strings Acoustic Guitar, Spruce body with Pick Guard A311 with bag","₹6,499.00",7 Days Replacement,"Friday, 30 September",In stock.,https://www.amazon.in/Kadence-6-strings-Acoustic-Guitar-Natural/dp/B07JKYWGJN/ref=sxin_14?asc_contentid=amzn1.osa.39dd7fbf-afb9-4b33-a89b-5dc1ff018d2f.A21TJRUUN4KGV.en_IN&asc_contenttype=article&ascsubtag=amzn1.osa.39dd7fbf-afb9-4b33-a89b-5dc1ff018d2f.A21TJRUUN4KGV.en_IN&content-id=amzn1.sym.5ddd0a98-0444-4cd7-ad42-d5b6aca160cf%3Aamzn1.sym.5ddd0a98-0444-4cd7-ad42-d5b6aca160cf&creativeASIN=B07JKYWGJN&cv_ct_cx=guitar&cv_ct_id=amzn1.osa.39dd7fbf-afb9-4b33-a89b-5dc1ff018d2f.A21TJRUUN4KGV.en_IN&cv_ct_pg=search&cv_ct_we=asin&cv_ct_wn=osp-single-source-all-asins&keywords=guitar&linkCode=oas&pd_rd_i=B07JKYWGJN&pd_rd_r=e3744c1b-d48e-4ed8-b335-873f6d9ed238&pd_rd_w=6kEHM&pd_rd_wg=0qVMI&pf_rd_p=5ddd0a98-0444-4cd7-ad42-d5b6aca160cf&pf_rd_r=3DQ6AHEBTSJMBB0A14ZC&qid=1664042195&sr=1-4-887d48f0-d798-4604-a3e5-14d9d204cf06&tag=sm-content-21
10,Intern,Intern INT-38C Acoustic Guitar Kit (Blue),"₹1,989.00",7 Days Replacement,"Wednesday, 28 September",In stock.,https://www.amazon.in/Intern-INT-38C-Acoustic-Guitar-Blue/dp/B073B5RZBV/ref=sr_1_7?keywords=guitar&qid=1664042195&sr=8-7
11,Intern,"Intern 38C Wooden Acoustic Steel-String Guitar Premium White Cutaway Design With Carry Bag, Strings, Guitar Strap And Plectrums (Int-38C-Wh)","₹1,989.00",7 Days Replacement,"Wednesday, 28 September",In stock.,https://www.amazon.in/Intern-Acoustic-Steel-string-plectrums-INT-38C-WH/dp/B09LR94Z2X/ref=sr_1_8?keywords=guitar&qid=1664042195&sr=8-8
12,JUAREZ,"Juarez Acoustic Guitar, 38 Inch Curved Body Cutaway, 38CUR with Bag, Strings, Pick and Strap, Black","₹1,774.00",7 Days Replacement,"Thursday, 29 September",In stock.,https://www.amazon.in/Juarez-Acoustic-Guitar-Cutaway-Strings/dp/B076QHZ4HZ/ref=sr_1_9?keywords=guitar&qid=1664042195&sr=8-9
13,Intern,"Intern INT-38C Acoustic Guitar Kit (Sunburst) with Carry bag, Picks, Strings set and Guitar Strap, Small","₹1,898.00",7 Days Replacement,"Wednesday, 28 September",In stock.,https://www.amazon.in/Intern-INT-38C-Acoustic-Guitar-Sunburst/dp/B073B5MJRM/ref=sr_1_10?keywords=guitar&qid=1664042195&sr=8-10
14,Kadence,"Kadence Guitar Frontier Series, Electric Acoustic Black Guitar With EQ, Die Cast Keys, Set of Strings, Strap, Picks and Bag (Black EQ, Electric Acoustic)","₹6,399.00",7 Days Replacement,"Thursday, 29 September",,https://www.amazon.in/Kadence-Frontier-Acoustic-Guitar-Strings/dp/B078GTJP5Y/ref=sr_1_11?keywords=guitar&qid=1664042195&smid=AM04Z7MH4HSDD&sr=8-11
15,JUAREZ,"Juarez Acoustic Guitar Kit, 38 Inch Cutaway, 38C with Bag, Strings, Pick and Strap, TBS Transparent Blue Sunburst","₹1,799.00",7 Days Replacement,"Wednesday, 28 September",In stock.,https://www.amazon.in/JUAREZ-JRZ38C-Acoustic-Sunburst-Strings/dp/B01FYYTDS6/ref=sr_1_12?keywords=guitar&qid=1664042195&sr=8-12
16,JUAREZ,"Juarez Acoustic Guitar Kit, 38 Inch Cutaway, 38C with Bag, Strings, Pick and Strap, 3TS Sunburst","₹1,899.00",7 Days Replacement,"Wednesday, 28 September",In stock.,https://www.amazon.in/JUAREZ-JRZ38C-Acoustic-Sunburst-Strings/dp/B01FYYTDTU/ref=sr_1_13?keywords=guitar&qid=1664042195&sr=8-13
17,JUAREZ,"JUAREZ JRZ38C Right Handed Acoustic Guitar with Bag, Strings, Pick and Strap (Natural, 6 Strings)","₹2,300.00",7 Days Replacement,"Wednesday, 28 September",In stock.,https://www.amazon.in/JUAREZ-JRZ38C-Acoustic-Natural-Strings/dp/B01FYYTDWC/ref=sr_1_14?keywords=guitar&qid=1664042195&sr=8-14
18,Kadence,"Kadence Frontier guitar with Online Guitar learning course, Wine Red Acoustic Guitar with Die Cast Keys, Set of Strings, Strap, Picks and Bag (Wine Red, Acoustic)","₹5,699.00",7 Days Replacement,"Thursday, 29 September",,https://www.amazon.in/Kadence-Frontier-Acoustic-Guitar-Strings/dp/B01GDZ46AA/ref=sr_1_15?keywords=guitar&qid=1664042195&smid=AM04Z7MH4HSDD&sr=8-15
19,Intern,Intern INT-38C Acoustic Guitar Kit (Red),"₹1,989.00",7 Days Replacement,"Wednesday, 28 September",In stock.,https://www.amazon.in/Intern-INT-38C-Acoustic-Guitar-Kit/dp/B073B6TF31/ref=sr_1_16?keywords=guitar&qid=1664042195&sr=8-16
20,HOVNER,"Hovner 215 Black F-Cut Rosewood Fretboard Acoustic Guitar With Bag,Strap,1 Set of Extra Strings and 2 Picks By K-Retail","₹4,256.00",7 Days Replacement,"Wednesday, 5 October",In stock.,https://www.amazon.in/Rosewood-Fretboard-Acoustic-Strings-K-Retail/dp/B07KLG8C4P/ref=sr_1_17?keywords=guitar&qid=1664042195&sr=8-17
21,Intern,"Intern INT-38C-BK-G Cutaway Right Handed Acoustic Guitar Kit, with Bag, Nickel Strings, Pick And Strap (Black) -6 Strings","₹1,799.00",7 Days Replacement,"Wednesday, 28 September",In stock.,https://www.amazon.in/Intern-INT-38C-BK-G-Guitar-Kit-Black/dp/B07K9497RC/ref=sr_1_18?keywords=guitar&qid=1664042195&sr=8-18
22,HOVNER,"Hovner Carlton Special Quality Rosewood Fretboard Blue Semi Acoustic Guitar With Bag,Strap,1 Set of Extra Strings and 2 Picks By K-Retail (Blue)","₹4,750.00",7 Days Replacement,"Wednesday, 5 October",In stock.,https://www.amazon.in/Carlton-Rosewood-Fretboard-Acoustic-K-Retail/dp/B07KK8P9VB/ref=sr_1_19?keywords=guitar&qid=1664042195&sr=8-19
23,DEVICE OF URBAN INFOTECH,DEVICE OF URBAN INFOTECH Tuning Peg Silver for Acoustic Guitar Parts Tuners Keys Semi-closed Guitar String Tuning Pegs Tuner Machine Heads Knobs Tuning Keys for Acoustic & Electric Guitar 3R+3L(6 PCS),₹480.00,7 Days Replacement,"Tuesday, 4 October",In stock.,https://www.amazon.in/sspa/click?ie=UTF8&spc=MTo4MjQwMjQ5NjU4NzkwNDkxOjE2NjQwNDIxOTU6c3BfbXRmOjIwMDc5MzQzNTc2Mzk4OjowOjo&sp_csd=d2lkZ2V0TmFtZT1zcF9tdGY&url=%2FDEVICE-URBAN-INFOTECH-Acoustic-Semi-closed%2Fdp%2FB08P1JS4DF%2Fref%3Dsr_1_20_sspa%3Fkeywords%3Dguitar%26qid%3D1664042195%26sr%3D8-20-spons%26psc%3D1
24,Intern,Intern Int-38c Sunburst Linden Wood Acoustic Guitar Kit with Carry Bag and Picks,"₹1,749.00",7 Days Replacement,September 30 - October 4,-,https://www.amazon.in/Intern-INT-38C-Sunburst-Acoustic-Guitar/dp/B07X1J4D3Z/ref=sr_1_21?keywords=guitar&qid=1664042195&sr=8-21
25,Medellin,"Medellin 38"" Acoustic Guitar Blue Burst Carbon Fiber body+(Free Online Learning Course) - Durable Matt finish with handrest, strings, strap, bag, 3 Picks, capo, stand.","₹2,699.00",7 Days Replacement,"Friday, 30 September",,https://www.amazon.in/Medellin-Acoustic-Guitar-Carbon-Learning/dp/B09MSGMQ3Y/ref=sr_1_22?keywords=guitar&qid=1664042195&smid=AM04Z7MH4HSDD&sr=8-22
26,YAMAHA,"Yamaha FS100C Acoustic Guitar, Black","₹9,000.00",7 Days Replacement,"Saturday, 1 October",In stock.,https://www.amazon.in/Yamaha-FS-100C-6-String-Acoustic-without/dp/B00PAS9CK6/ref=sr_1_23?keywords=guitar&qid=1664042195&sr=8-23
27,Intern,Intern INT-38C Acoustic Guitar Kit (Purple),"₹1,799.00",7 Days Replacement,"Wednesday, 28 September",In stock.,https://www.amazon.in/Intern-INT-38C-Acoustic-Guitar-Purple/dp/B073B4CT2F/ref=sr_1_24?keywords=guitar&qid=1664042195&sr=8-24
28,YAMAHA,YAMAHA FS80C NATURAL CONCERT CUTAWAY GUITAR,"₹7,727.00",7 Days Replacement,"Saturday, 1 October",In stock.,https://www.amazon.in/YAMAHA-NATURAL-CONCERT-CUTAWAY-GUITAR/dp/B08KW4DRKL/ref=sr_1_25?keywords=guitar&qid=1664042195&sr=8-25
29,YAMAHA,"Yamaha F280 Acoustic Guitar, Tobacco Brown Sunburst","₹9,290.00",7 Days Replacement,"Friday, 30 September",Only 2 left in stock.,https://www.amazon.in/Yamaha-Acoustic-Guitar-Tobacco-Sunburst/dp/B08VXR74Q2/ref=sr_1_26?keywords=guitar&qid=1664042195&sr=8-26
30,Revel,Revel 38 Inches Cutaway Design Acoustic Guitar with Carry bag and Plectrums. Great tone and Beginner/Learners standard size configuration for all age groups (Natural),"₹2,099.00",7 Days Replacement,"Wednesday, 28 September",In stock.,https://www.amazon.in/Revel-RVL-38C-LGP-NT-Linden-Acoustic-Natural/dp/B085HVRHPS/ref=sr_1_27?keywords=guitar&qid=1664042195&sr=8-27
31,Intern,"INTERN 41 inches Acoustic Guitar with truss rod. Includes carry bag, strings pack, strap & plectrums. Premium Wooden durable built, tonal stability & for all age-groups (Jamming Black).","₹3,698.00",7 Days Replacement,"Saturday, 1 October",In stock.,https://www.amazon.in/Acoustic-strings-plectrums-stability-age-groups/dp/B09YHC3LX6/ref=sr_1_28?keywords=guitar&qid=1664042195&sr=8-28
32,YAMAHA,Yamaha Classical Guitar C40//02,"₹7,490.00",7 Days Replacement,"Saturday, 1 October",In stock.,https://www.amazon.in/Yamaha-Classical-Guitar-C40-02/dp/B003UGCUFE/ref=sr_1_29?keywords=guitar&qid=1664042195&sr=8-29
33,JUAREZ,"Juarez Acoustic Guitar, [ LEFT HANDED] 38 Inch Cutaway, 38CL/BK with Bag, Strings, Pick and Strap, Black","₹2,680.00",7 Days Replacement,"Wednesday, 28 September",In stock.,https://www.amazon.in/Juarez-Acoustic-Cutaway-BK-Strings/dp/B076T3RHMG/ref=sr_1_30?keywords=guitar&qid=1664042195&sr=8-30
34,Medellin,"Medellin 38"" Acoustic Guitar Black Carbon Fiber body+(Free Online Learning Course) - Durable Matt finish with handrest, strings, strap, bag, 3 Picks, capo, stand. (Black)","₹2,699.00",7 Days Replacement,"Friday, 30 September",,https://www.amazon.in/Medellin-Acoustic-Guitar-Carbon-Learning/dp/B09MSGQQWX/ref=sr_1_31?keywords=guitar&qid=1664042195&smid=AM04Z7MH4HSDD&sr=8-31
35,REVEL,Revel 38 Inches Cutaway Design Acoustic Guitar with Carry bag and Plectrums. Great tone and Beginner/Learners standard size configuration for all age groups (Black),"₹1,998.00",7 Days Replacement,"Thursday, 29 September",Available to ship in 1-2 days.,https://www.amazon.in/Acoustic-Plectrums-Beginner-Learners-configuration/dp/B0B4SSB8BJ/ref=sr_1_32?keywords=guitar&qid=1664042195&sr=8-32
36,REVEL,Revel 38 Inches Cutaway Design Acoustic Guitar with Carry bag and Plectrums. Great tone and Beginner/Learners standard size configuration for all age groups (Red),"₹2,208.01",7 Days Replacement,"Wednesday, 28 September",In stock.,https://www.amazon.in/Acoustic-Plectrums-Beginner-Learners-configuration/dp/B09W5V91LW/ref=sr_1_33?keywords=guitar&qid=1664042195&sr=8-33
37,Intern,"INTERN 40 inches Acoustic Guitar with Pick-up & truss rod, carry bag, strings pack, strap & picks. Premium Wooden durable built, tonal stability with professional sound amplificaiton. (Black).","₹3,998.00",7 Days Replacement,"Thursday, 29 September",In stock.,https://www.amazon.in/Acoustic-Pick-up-stability-professional-amplificaiton/dp/B09YHCR3R8/ref=sr_1_34?keywords=guitar&qid=1664042195&sr=8-34
38,Kadence,"Kadence AstroMan Electric Guitar, 21 FRETS, ROSEWOOD FRETBOARD, H - S - S PICK UPS Sunburst combo with Bag, Guitar strap,guitar cable and Picks","₹6,499.00",7 Days Replacement,"Friday, 30 September",In stock.,https://www.amazon.in/Kadence-Electric-Guitar-Rosewood-Fretboard/dp/B07BGXN7P6/ref=sr_1_35?keywords=guitar&qid=1664042195&sr=8-35
39,JUAREZ,JUAREZ JRZ-HSS01 ELECTRIC GUITAR (SUNBURST) - HSS Pickup with KOREA SAM HYUN brand XL042 strings and in sunburst color (JRZ-HSS01-3TS),"₹5,399.00",7 Days Replacement,"Wednesday, 28 September",In stock.,https://www.amazon.in/JUAREZ-JRZ-HSS01-ELECTRIC-GUITAR-SUNBURST/dp/B08QNVNM1Z/ref=sr_1_36?keywords=guitar&qid=1664042195&sr=8-36
40,medellin,"Medellin 38"" Carbon Fiber Acoustic Guitar with free specailized learning course- MDCF38BK Durable Carbon Fiber Matt Sunburst finish Body for beginners with handrest, set of Strings, Strap, Bag, 3 Picks, Capo, Guitar Wall Hanging Stand and Free GUITAR LEARNING COURSE (Special Learning Combo with Guitar)","₹1,999.00",7 Days Replacement,"Friday, 30 September",In stock.,https://www.amazon.in/Medellin-Acoustic-specailized-learning-beginners/dp/B09MSGN39M/ref=sr_1_37?keywords=guitar&qid=1664042195&sr=8-37
41,JUAREZ,"JUAREZ Arpéggio 104.14 cm (41 Inch) Semi-Acoustic Guitar Kit, Thin Line Body, Spruce Top, with 4 Band EQ, Natural","₹5,844.04",7 Days Replacement,"Wednesday, 28 September",In stock.,https://www.amazon.in/JUAREZ-Arp%C3%A9ggio-Semi-Acoustic-Guitar-Natural/dp/B08KHFJKZK/ref=sr_1_38?keywords=guitar&qid=1664042195&sr=8-38
42,VAULT,Vault ST1 Premium Electric Guitar - White,"₹7,599.00",7 Days Replacement,"Wednesday, 28 September",Only 2 left in stock.,https://www.amazon.in/Vault-ST1-Premium-Electric-Guitar/dp/B09GLYSJ8W/ref=sr_1_39?keywords=guitar&qid=1664042195&sr=8-39
43,Medellin,"Medellin 38"" Carbon Fiber Acoustic Guitar with free specailized learning course- MDCF38BK Durable Carbon Fiber Matt Pink finish Body for beginners with handrest, set of Strings, Strap, Bag, 3 Picks, Capo, Guitar Wall Hanging Stand and Free GUITAR LEARNING COURSE (Special Learning Combo with Guitar)","₹2,399.00",7 Days Replacement,"Thursday, 29 September",In stock.,https://www.amazon.in/Medellin-Acoustic-specailized-learning-beginners/dp/B09MSH3RY1/ref=sr_1_40?keywords=guitar&qid=1664042195&sr=8-40
44,JUAREZ,"Juârez JRZ38C/MAH 6 Strings Acoustic Guitar 38 Inch Cutaway, Right Handed, Mahogany with Bag, Strings, Picks and Strap","₹2,248.00",7 Days Replacement,"Wednesday, 28 September",In stock.,https://www.amazon.in/JRZ38C-Strings-Acoustic-Cutaway-Mahogany/dp/B071JM8C6T/ref=sr_1_41?keywords=guitar&qid=1664042195&sr=8-41
45,JUAREZ,"Juarez Acoustic Guitar, 38 Inch Cutaway with Pick Guard, 38C/RDS with Bag, Strings, Pick and Strap, Red Sunburst","₹2,310.00",7 Days Replacement,"Wednesday, 28 September",In stock.,https://www.amazon.in/Acoustic-Cutaway-RDS-Strings-Sunburst/dp/B076QGY91P/ref=sr_1_42?keywords=guitar&qid=1664042195&sr=8-42
46,Intern,Intern INT-38C Acoustic Guitar Kit (Natural),"₹2,240.00",7 Days Replacement,"Wednesday, 28 September",In stock.,https://www.amazon.in/Intern-INT-38C-Acoustic-Guitar-Natural/dp/B073B4D22T/ref=sr_1_43?keywords=guitar&qid=1664042195&sr=8-43
47,Intern,Intern INT-38C Natural Linden Wood Acoustic Guitar Kit with Carry Bag & Picks,"₹1,699.00",7 Days Replacement,"Wednesday, 5 October",In stock.,https://www.amazon.in/Intern-INT-38C-Natural-Acoustic-Guitar/dp/B07X4LPJ6H/ref=sr_1_44?keywords=guitar&qid=1664042195&sr=8-44
48,Intern,"Intern INT-38C-RD-G Linden Wood Cutaway Right Handed Acoustic Guitar Kit, With Bag, Strings, Pick And Strap (Red, 6 Strings)","₹2,129.00",7 Days Replacement,"Wednesday, 28 September",In stock.,https://www.amazon.in/Intern-INT-38C-RD-G-Guitar-Kit-Red/dp/B07K959RKX/ref=sr_1_45?keywords=guitar&qid=1664042195&sr=8-45
49,Fender,Fender SA-150C dreadnought Squier Guitar Cutway Natural,"₹6,649.00",7 Days Replacement,"Thursday, 29 September",In stock.,https://www.amazon.in/Fender-SA-150C-dreadnought-Squier-Natural/dp/B07YX5N6LC/ref=sr_1_46?keywords=guitar&qid=1664042195&sr=8-46
50,Kadence,"Kadence Frontier Series, Semi Acoustic Guitar With Die Cast Keys (Bag,Strap,Strings And 3 Picks) (Natural)","₹4,999.00",7 Days Replacement,"Thursday, 29 September",In stock.,https://www.amazon.in/Kadence-Frontier-Acoustic-Natural-Equalizer/dp/B01I50UJG6/ref=sr_1_47?keywords=guitar&qid=1664042195&sr=8-47
51,Fender,Fender CD-60 SCE NAT  Dreadnought Semi Acoustic Guitar (Natural),"₹24,850.00",7 Days Replacement,"Thursday, 29 September",In stock.,https://www.amazon.in/FENDER-CD60SCE-NAT-Dreadnought-Spruce-Semi-Acoustic/dp/B01MSBHU7X/ref=sr_1_48?keywords=guitar&qid=1664042195&sr=8-48
52,Kadence,"Kadence Slowhand Premium Jumbo Semi Acoustic Guitar with Heavy Padded Bag, guitar cable, Pro Capo (Black Spruce Wood)","₹8,999.00",7 Days Replacement,"Friday, 30 September",In stock.,https://www.amazon.in/Kadence-Slowhand-Premium-Acoustic-Instrument/dp/B077SZ667X/ref=sr_1_49?keywords=guitar&qid=1664042195&sr=8-49
53,Ibanez,"Ibanez MD39C-NT Acoustic Guitar (Natural), Designed in Japan and Made Specially for India","₹6,989.00",7 Days Replacement,"Wednesday, 28 September",In stock.,https://www.amazon.in/Ibanez-IBA-MD39CNT-Acoustic-Guitar-MD39C-NT/dp/B07G4CCMYL/ref=sr_1_50?keywords=guitar&qid=1664042195&sr=8-50
54,JUAREZ,"JUAREZ Arpeggio 41 Inch Acoustic Guitar Kit, Spruce Top, Rosewood Fretboard & Bridge, Truss Rod, Chrome Die Cast Machine Tuners, Blue","₹5,737.00",7 Days Replacement,"Wednesday, 28 September",In stock.,https://www.amazon.in/JUAREZ-Arpeggio-Acoustic-Rosewood-Fretboard/dp/B08LBGKR67/ref=sr_1_51?keywords=guitar&qid=1664042195&sr=8-51
55,Ibanez,"Ibanez S520 - WK, 6 Strings Electric Guitar, Right-Handed, Weathered Black, without case","₹47,099.00",7 Days Replacement,"Wednesday, 28 September",Only 2 left in stock.,https://www.amazon.in/Ibanez-S520-Electric-Right-Handed-Weathered/dp/B00HZY6QH0/ref=sr_1_52?keywords=guitar&qid=1664042195&sr=8-52
56,Henrix,"Henrix 38C 38 inch Cutaway Acoustic Guitar with Dual Action Truss Rod, Gigbag, Picks, String Set, Strap, Cloth & Ebook - Natural","₹2,688.00",7 Days Replacement,"Wednesday, 28 September",In stock.,https://www.amazon.in/Henrix-Cutaway-Acoustic-Die-cast-Dual-action/dp/B07VHSCGCG/ref=sr_1_49?keywords=guitar&qid=1664042204&sr=8-49
57,YAMAHA,"Yamaha FS100C Acoustic Guitar, Natural","₹9,490.00",7 Days Replacement,"Saturday, 1 October",In stock.,https://www.amazon.in/Yamaha-FS100C-Acoustic-Guitars-Natural/dp/B00QKD79QE/ref=sr_1_50?keywords=guitar&qid=1664042204&sr=8-50
58,Cort,Cort X100 6-String Electric Guitar,"₹13,900.00",7 Days Replacement,"Wednesday, 28 September",In stock.,https://www.amazon.in/Cort-X100-6-String-Electric-Guitar/dp/B07QKWFTK1/ref=sr_1_51?keywords=guitar&qid=1664042204&sr=8-51
59,JUAREZ,"JUAREZ Arpeggio Guitar JRA39SP-Q-TBS, blue sunburst","₹4,366.53",7 Days Replacement,"Wednesday, 28 September",In stock.,https://www.amazon.in/JUAREZ-Arpeggio-Guitar-JRA39SP-Q-TBS-sunburst/dp/B08MWB5FVR/ref=sr_1_52?keywords=guitar&qid=1664042204&sr=8-52
60,JUAREZ,"Juârez Acoustic Guitar, 38 Inch Cutaway, JRZ38C with Bag, Strings, Pick and Strap, Blue","₹2,480.00",7 Days Replacement,"Wednesday, 28 September",In stock.,https://www.amazon.in/JUAREZ-JRZ38C-Handed-Acoustic-Strings/dp/B01FYYTDX6/ref=sr_1_53?keywords=guitar&qid=1664042204&sr=8-53
61,YAMAHA,Yamaha FX280 Semi acoustic Dreadnought Guitar with Bag (Natural),"₹11,899.00",7 Days Replacement,October 1 - 4,In stock.,https://www.amazon.in/Yamaha-FX280-acoustic-Dreadnought-Natural/dp/B09HR6BNFQ/ref=sr_1_54?keywords=guitar&qid=1664042204&sr=8-54
62,JUAREZ,"Juarez JRZ-ST02 6-String Electric Guitar, Right Handed, Red, with Case/Bag and Picks","₹5,451.00",7 Days Replacement,"Wednesday, 5 October",In stock.,https://www.amazon.in/Juarez-JRZ-ST01-6-String-Electric-Without/dp/B01FYZSOHG/ref=sr_1_55?keywords=guitar&qid=1664042204&sr=8-55
63,Fender,Fender FA-125CE Dreadnought Electro Acoustic Guitar,"₹17,115.50",7 Days Replacement,"Wednesday, 28 September",In stock.,https://www.amazon.in/Fender-FA-125CE-Dreadnought-Cutaway-Acoustic-Electric/dp/B07MQWNNK9/ref=sr_1_56?keywords=guitar&qid=1664042204&sr=8-56
64,VAULT,"Vault Junior 30 Inch Acoustic Guitar for Kids with Ebook, Bag, Strings, Straps, Picks, String winder & Polishing Cloth - Natural Gloss","₹3,799.00",7 Days Replacement,"Wednesday, 28 September",In stock.,https://www.amazon.in/Junior-Acoustic-Guitar-Strings-Polishing/dp/B07RMJ88G2/ref=sr_1_57?keywords=guitar&qid=1664042204&sr=8-57
65,Intern,"Intern INT-38C-BLS-G Cutaway Right Handed Acoustic Guitar Kit, With Bag, Strings, Pick And Strap (Blue, 6 Strings)","₹1,990.00",7 Days Replacement,"Wednesday, 28 September",In stock.,https://www.amazon.in/Intern-INT-38C-BLS-G-Guitar-Kit-Blue/dp/B07K8YXTNW/ref=sr_1_58?keywords=guitar&qid=1664042204&sr=8-58
66,JUAREZ,"Juârez Acoustic Guitar, 38 Inch Cutaway, JRZ38CT, Hippie Funky Design, with Bag, Picks, Strap & Extra String set","₹2,354.00",7 Days Replacement,"Wednesday, 28 September",In stock.,https://www.amazon.in/Juarez-Acoustic-Guitar-Cutaway-JRZ38CT/dp/B01N3TTYJQ/ref=sr_1_49?keywords=guitar&qid=1664042204&sr=8-49
67,REVEL,Revel 38 Inches Cutaway Design Acoustic Guitar with Carry bag and Plectrums. Great tone and Beginner/Learners standard size configuration for all age groups (White),"₹2,159.00",7 Days Replacement,"Wednesday, 28 September",In stock.,https://www.amazon.in/Acoustic-Plectrums-Beginner-Learners-configuration/dp/B09W5TQD6G/ref=sr_1_50?keywords=guitar&qid=1664042204&sr=8-50
68,JUAREZ,"JUAREZ Arpeggio Guitar JRA41MAH, mahogany","₹6,022.00",7 Days Replacement,"Wednesday, 28 September",Only 2 left in stock.,https://www.amazon.in/JUAREZ-Arpeggio-Guitar-JRA41MAH-mahogany/dp/B08MWBBYL1/ref=sr_1_51?keywords=guitar&qid=1664042204&sr=8-51
69,Kadence,Kadence Acoustica 34” Acoustic Guitar A03 with bag,"₹3,999.00",7 Days Replacement,"Thursday, 29 September",In stock.,https://www.amazon.in/Kadence-Acoustica-Acoustic-Guitar-A03/dp/B08WCTFVT9/ref=sr_1_52?keywords=guitar&qid=1664042204&sr=8-52
70,Intern,"INTERN 41 inches Cutaway Shape Acoustic Guitar with truss rod. Includes plectrums. Premium Wooden durable built, Best tonal stability and bend resistance (Jamming Black).","₹2,899.00",7 Days Replacement,"Thursday, 29 September",In stock.,https://www.amazon.in/Cutaway-Acoustic-plectrums-stability-resistance/dp/B09YH8LP53/ref=sr_1_53?keywords=guitar&qid=1664042204&sr=8-53
71,JUAREZ,"Juarez Acoustic Guitar, 38 Inch Cutaway with Pick Guard, 38CPG with Bag, Strings, Pick and Strap, Black","₹2,223.95",7 Days Replacement,"Wednesday, 5 October",In stock.,https://www.amazon.in/Juarez-Acoustic-Guitar-Cutaway-Strings/dp/B075XMRKMY/ref=sr_1_54?keywords=guitar&qid=1664042204&sr=8-54
72,VAULT,Vault CL-40 4/4 size Premium Spruce-Top Classical Guitar,"₹7,124.00",7 Days Replacement,"Wednesday, 28 September",In stock.,https://www.amazon.in/CL-40-Premium-Spruce-Top-Classical-Guitar/dp/B097N8VSVZ/ref=sr_1_55?keywords=guitar&qid=1664042204&sr=8-55
73,YAMAHA,Yamaha FSX80C Semi Acoustic Cutaway Guitar with Bag (Black),"₹13,590.00",7 Days Replacement,"Thursday, 29 September",Only 1 left in stock.,https://www.amazon.in/Yamaha-FSX80C-Acoustic-Cutaway-Guitar/dp/B09HL5WFDX/ref=sr_1_56?keywords=guitar&qid=1664042204&sr=8-56
74,JUAREZ,"Juarez Acoustic Guitar, [LEFT HANDED] 96.52 cm (38 Inch) Cutaway, 38CL/3TS with Bag, Strings, Pick and Strap, 3TS Sunburst","₹2,638.00",7 Days Replacement,"Wednesday, 5 October",In stock.,https://www.amazon.in/Acoustic-Cutaway-3TS-Strings-Sunburst/dp/B098BD1MHM/ref=sr_1_57?keywords=guitar&qid=1664042204&sr=8-57
75,Kordz,"Kordz Luana Natural Wooden 41 Inch Rosewood Fretboard Acoustic Guitar With Bag,Strap,1 Set of Extra Strings and 2 Picks","₹3,890.00",7 Days Replacement,"Wednesday, 5 October",In stock.,https://www.amazon.in/Kordz-Luana-Natural-Rosewood-Fretboard/dp/B07V4Y1V9M/ref=sr_1_58?keywords=guitar&qid=1664042204&sr=8-58
76,YAMAHA,"Yamaha Electric-Acoustic Guitar FSX80C Dreadnought With With Mexa Sponge Bag, Guitar Belt, Guitar Stand, String Set & Plectrums.(NT)","₹13,990.00",7 Days Replacement,"Thursday, 29 September",Only 1 left in stock.,https://www.amazon.in/Yamaha-Electric-Acoustic-FSX80C-Dreadnought-Plectrums/dp/B09HSJ6GPQ/ref=sr_1_59?keywords=guitar&qid=1664042204&sr=8-59
77,Intern,"INTERN 41 inches Acoustic Guitar with truss rod. Includes carry bag, strings pack, strap & plectrums. Premium Wooden durable built, tonal stability & for all age-groups (Refreshing Natural).","₹3,894.00",7 Days Replacement,"Wednesday, 28 September",In stock.,https://www.amazon.in/Acoustic-plectrums-stability-age-groups-Refreshing/dp/B09YH89RVZ/ref=sr_1_60?keywords=guitar&qid=1664042204&sr=8-60
78,YAMAHA,"Yamaha F310 Acoustic Guitar, Tobacco Brown Sunburst","₹9,990.00",7 Days Replacement,"Saturday, 1 October",In stock.,https://www.amazon.in/Yamaha-Acoustic-Guitar-Tobacco-Sunburst/dp/B08Z35ZR9Y/ref=sr_1_61?keywords=guitar&qid=1664042204&sr=8-61
79,YAMAHA,"Yamaha FS100C Acoustic Guitar, Natural","₹9,990.00",7 Days Replacement,"Thursday, 29 September",,https://www.amazon.in/Yamaha-FS100C-Acoustic-Guitar-Natural/dp/B08Z3DVN8N/ref=sr_1_62?keywords=guitar&qid=1664042204&smid=A1WYWER0W24N8S&sr=8-62
80,YAMAHA,Yamaha FX280 Semi acoustic Dreadnought Guitar with Bag (Tobacco Sunburst),"₹11,999.00",7 Days Replacement,September 30 - October 3,Only 1 left in stock.,https://www.amazon.in/FX280-acoustic-Dreadnought-Tobacco-Sunburst/dp/B09HR7BXGW/ref=sr_1_63?keywords=guitar&qid=1664042204&sr=8-63
81,Intern,"Intern INT-38C-L-BLS Left Hand Acoustic Guitar Kit, With Bag, Strings, Pick And Strap, Blue","₹2,126.00",7 Days Replacement,"Wednesday, 28 September",Only 1 left in stock.,https://www.amazon.in/Intern-INT-38C-L-BLS-Left-Acoustic-Guitar/dp/B07J4VX4D7/ref=sr_1_64?keywords=guitar&qid=1664042204&sr=8-64
82,JUAREZ,"JUAREZ Arpéggio 104.14 cm (41 Inch) Semi-Acoustic Guitar Kit, Spruce Top, with Equaliser, Black","₹6,241.00",7 Days Replacement,"Wednesday, 28 September",In stock.,https://www.amazon.in/JUAREZ-Arp%C3%A9ggio-Semi-Acoustic-Guitar-Equaliser/dp/B08KHMY76X/ref=sr_1_65?keywords=guitar&qid=1664042204&sr=8-65
83,Fender,Fender CD 60 Dread V3 DS 6 String Acoustic Guitar - Walnut Fretboard-Sunburst,"₹10,890.00",7 Days Replacement,"Thursday, 29 September",In stock.,https://www.amazon.in/Fender-Dread-String-Acoustic-Guitar/dp/B07RM21D8X/ref=sr_1_66?keywords=guitar&qid=1664042204&sr=8-66
84,Fender,"Fender Bullet Strat Electric Guitar, White","₹13,440.00",7 Days Replacement,"Thursday, 29 September",,https://www.amazon.in/Fender-310001580-Bullet-Electric-Guitar/dp/B001L8MB3O/ref=sr_1_67?keywords=guitar&qid=1664042204&smid=A1WYWER0W24N8S&sr=8-67
85,JUAREZ,"JUAREZ Arpeggio 41 Inch Acoustic Guitar Kit, Spruce Top, Rosewood Fretboard & Bridge, Truss Rod, Chrome Die Cast Machine Tuners, Blue Sunburst","₹5,737.00",7 Days Replacement,"Wednesday, 28 September",In stock.,https://www.amazon.in/JUAREZ-Arpeggio-Acoustic-Rosewood-Fretboard/dp/B08LBH5DB8/ref=sr_1_68?keywords=guitar&qid=1664042204&sr=8-68
86,Kadence,Kadence 39” Classical Guitar Nylon Strings Acoustic Guitar with Truss Rod for Beginner Professional With Bag (KCL01),"₹5,399.00",7 Days Replacement,"Friday, 30 September",In stock.,https://www.amazon.in/Kadence-Classical-Acoustic-Beginner-Professional/dp/B09M3J192L/ref=sr_1_69?keywords=guitar&qid=1664042204&sr=8-69
87,YAMAHA,Yamaha PACIFICA012 Electric Guitar - Black,"₹15,990.00",7 Days Replacement,"Saturday, 1 October",In stock.,https://www.amazon.in/Yamaha-Pacifica-PAC012-Electric-Guitar/dp/B00123DQT6/ref=sr_1_70?keywords=guitar&qid=1664042204&sr=8-70
88,YAMAHA,"Yamaha Electric-Acoustic Guitar FX280 Dreadnought With Mexa Sponge Guitar Bag, Belt,Plectrums & String Set.","₹12,390.00",7 Days Replacement,"Thursday, 29 September",Only 1 left in stock.,https://www.amazon.in/Yamaha-Electric-Acoustic-FX280-Dreadnought-Plectrums/dp/B09HSHNR6R/ref=sr_1_71?keywords=guitar&qid=1664042204&sr=8-71
89,PRS Guitars,"PRS Guitars Electric Guitar, SE Standard 24, 2021 Series -Translucent Blue ST4TB","₹57,439.00",7 Days Replacement,"Wednesday, 28 September",In stock.,https://www.amazon.in/PRS-Guitars-Electric-Translucent-ST4TB/dp/B08X4N81YS/ref=sr_1_72?keywords=guitar&qid=1664042204&sr=8-72
90,Fender,Fender CD60s Dreadnought Acoustic Guitar (Mahagony),"₹18,989.00",7 Days Replacement,"Thursday, 29 September",,https://www.amazon.in/Fender-961702021-Dreadnought-Acoustic-Multicolor/dp/B01N4RWSX1/ref=sr_1_73?keywords=guitar&qid=1664042204&smid=A1WYWER0W24N8S&sr=8-73
91,Martin Smith,Martin Smith W-101-N-PK Acoustic Guitar Super Kit with Stand (Natural),"₹6,098.00",7 Days Replacement,"Wednesday, 28 September",In stock.,https://www.amazon.in/Martin-Smith-W-101-N-PK-Acoustic-Natural/dp/B00UOUK4IE/ref=sr_1_74?keywords=guitar&qid=1664042204&sr=8-74
92,YAMAHA,"Yamaha PACIFICA012 Electric Guitar, Red Metallic","₹15,580.00",7 Days Replacement,October 1 - 4,Only 1 left in stock.,https://www.amazon.in/Yamaha-PAC012-Electric-Guitar-Metallic/dp/B000MLY7XS/ref=sr_1_75?keywords=guitar&qid=1664042204&sr=8-75
93,Fender,Fender Classic Design CD-60S Dreadnought Acoustic Guitar (Black),"₹17,957.88",7 Days Replacement,"Wednesday, 28 September",In stock.,https://www.amazon.in/Fender-Classic-Design-Dreadnought-Acoustic/dp/B07HYS18LJ/ref=sr_1_76?keywords=guitar&qid=1664042204&sr=8-76
94,YAMAHA,"YAMAHA F310, 6-Strings Rose Wood Acoustic Guitar, Natural","₹10,990.00",7 Days Replacement,"Thursday, 29 September",Only 1 left in stock.,https://www.amazon.in/Yamaha-F310-6-Strings-Acoustic-Natural/dp/B000RVYW7E/ref=sr_1_77?keywords=guitar&qid=1664042204&sr=8-77
95,Kadence,"Kadence Guitar Acoustica Series, 41” Jumbo Size 6-strings Acoustic Guitar, Spruce body with Pick Guard A311 with bag","₹6,499.00",7 Days Replacement,"Friday, 30 September",In stock.,https://www.amazon.in/Kadence-6-strings-Acoustic-Guitar-Natural/dp/B07JKYWGJN/ref=sr_1_78?keywords=guitar&qid=1664042204&sr=8-78
96,JUAREZ,"JUAREZ Fiésta 41 Inch Acoustic Guitar Cutaway with Dual Action Truss Rod, 21 Frets Rosewood Fretboard & Bridge, Padded 5mm Cotton Bag, Cotton Strap, 2 Picks, Allen Key, Extra String Set, 3TS Sunburst","₹3,799.00",7 Days Replacement,"Wednesday, 5 October",In stock.,https://www.amazon.in/JUAREZ-Acoustic-Rosewood-Fretboard-3TS/dp/B08GZXNSBG/ref=sr_1_79?keywords=guitar&qid=1664042204&sr=8-79
97,JUAREZ,"Juarez Arpéggio 104.14 cm (41 Inch) Semi-Acoustic Guitar Kit, Thin Line Body, Spruce Top, with 4 Band EQ, High Gloss Black","₹6,317.00",7 Days Replacement,"Wednesday, 28 September",In stock.,https://www.amazon.in/Juarez-Arp%C3%A9ggio-Semi-Acoustic-Guitar-Spruce/dp/B08KHR4BJZ/ref=sr_1_80?keywords=guitar&qid=1664042204&sr=8-80
98,Intern,"INTERN 40 inches Acoustic Guitar with Pick-up & truss rod, carry bag, strings pack, strap & picks. Premium Wooden durable built, Best tonal stability with professional sound amplificaiton. (Sunburst).","₹4,178.00",7 Days Replacement,"Wednesday, 28 September",In stock.,https://www.amazon.in/Acoustic-stability-professional-amplificaiton-Sunburst/dp/B09YH8TVW7/ref=sr_1_81?keywords=guitar&qid=1664042204&sr=8-81
99,Medellin,"Medellin 38"" Acoustic Guitar Brown Carbon Fiber Body with FREE Online LEARNING COURSE Durable Matt finish Body for beginners with handrest, set of Strings, Strap, Bag, 3 Picks, Capo, Guitar Wall Hanging Stand and Free GUITAR LEARNING COURSE (Special Learning Combo with Guitar)","₹2,199.00",7 Days Replacement,"Friday, 30 September",In stock.,https://www.amazon.in/Medellin-Acoustic-LEARNING-beginners-handrest/dp/B09MSKKHJC/ref=sr_1_82?keywords=guitar&qid=1664042204&sr=8-82
100,Intern,"INTERN 40 inches Acoustic Guitar with Pick-up & truss rod, carry bag, strings pack, strap & picks. Premium Wooden durable built, Best tonal stability with professional sound amplificaiton. (Stripes)","₹5,183.19",7 Days Replacement,"Wednesday, 28 September",In stock.,https://www.amazon.in/Acoustic-Pick-up-stability-professional-amplificaiton/dp/B09YH9BYVP/ref=sr_1_83?keywords=guitar&qid=1664042204&sr=8-83
101,Kadence,"Kadence Frontier Series, Semi Acoustic Guitar With Die Cast Keys (Bag,Strap,Strings And 3 Picks) (Brown)","₹4,769.00",7 Days Replacement,"Friday, 30 September",In stock.,https://www.amazon.in/Kadence-Frontier-Acoustic-Guitar-Strings/dp/B07T48VTZ1/ref=sr_1_84?keywords=guitar&qid=1664042204&sr=8-84
102,YAMAHA,"Yamaha Acoustic Guitar F280 Dreadnought With Mexa Sponge Bag Belt,Plectrums, String Set & Guitar Stand (Natural)","₹9,180.00",7 Days Replacement,"Thursday, 29 September",Only 2 left in stock.,https://www.amazon.in/Acoustic-F280-Dreadnought-Plectrums-Natural/dp/B092TPXZRN/ref=sr_1_85?keywords=guitar&qid=1664042204&sr=8-85
103,JUAREZ,"JUAREZ JRZ38CTR/BK 38 Inch Acoustic Guitar with Dual Action Truss Rod, Bag, Picks, Allen Key, Extra String Set, Black","₹3,060.00",7 Days Replacement,"Wednesday, 5 October",In stock.,https://www.amazon.in/JUAREZ-JRZ38CTR-BK-Acoustic-Guitar/dp/B08FTZK7H8/ref=sr_1_86?keywords=guitar&qid=1664042204&sr=8-86
104,Medellin,"Medellin 40"" Acoustic Guitar +(Free Online Learning Course) - Durable Matt finish with, strings, strap, bag, 3 Picks and truss rod adjustment.","₹2,999.00",7 Days Replacement,September 26 - 30,In stock.,https://www.amazon.in/Medellin-Acoustic-Guitar-Online-Learning/dp/B0B3XDNWHH/ref=sr_1_97?keywords=guitar&qid=1664042210&sr=8-97
105,blueberry,"Blueberry R-701, 6 String Right Handed Beginner Full Size Rosewood Fret board Electric Guitar with Bag, Strap, One Set of Strings and 2 Picks","₹5,399.00",7 Days Replacement,"Thursday, 29 September",In stock.,https://www.amazon.in/Blueberry-Beginner-Rosewood-Electric-Strings/dp/B0B71VMZPG/ref=sr_1_98?keywords=guitar&qid=1664042210&sr=8-98
106,JUAREZ,"JUAREZ JRZ38CTR/BK 38 Inch Acoustic Guitar with Dual Action Truss Rod, Bag, Picks, Allen Key, Extra String Set, Black","₹3,060.00",7 Days Replacement,"Wednesday, 5 October",In stock.,https://www.amazon.in/JUAREZ-JRZ38CTR-BK-Acoustic-Guitar/dp/B08FTZK7H8/ref=sr_1_99?keywords=guitar&qid=1664042210&sr=8-99
107,Fender,"Fender Bullet Strat Electric Guitar, White","₹13,440.00",7 Days Replacement,"Thursday, 29 September",,https://www.amazon.in/Fender-310001580-Bullet-Electric-Guitar/dp/B001L8MB3O/ref=sr_1_100?keywords=guitar&qid=1664042210&smid=A1WYWER0W24N8S&sr=8-100
108,Cort,"Cort CR250VB Classic Rock Series Electric Guitar Arched Flamed Maple Top, Vintage Burst","₹26,883.00",7 Days Replacement,"Wednesday, 28 September",In stock.,https://www.amazon.in/Cort-CR250VB-Classic-Electric-Vintage/dp/B00838GSUC/ref=sr_1_101?keywords=guitar&qid=1664042210&sr=8-101
109,YAMAHA,Yamaha C-40 Fullsized Classic Guitar With Gloss Finish,"₹8,990.00",7 Days Replacement,"Thursday, 29 September",Only 1 left in stock.,https://www.amazon.in/Yamaha-Fullsized-Classic-Guitar-Finish/dp/B005B6EZ36/ref=sr_1_102?keywords=guitar&qid=1664042210&sr=8-102
110,JUAREZ,"JUAREZ Arpéggio 104.14 cm (41 Inch) Semi-Acoustic Guitar Kit, Spruce Top, with Equaliser, Black","₹6,241.00",7 Days Replacement,"Wednesday, 28 September",In stock.,https://www.amazon.in/JUAREZ-Arp%C3%A9ggio-Semi-Acoustic-Guitar-Equaliser/dp/B08KHMY76X/ref=sr_1_103?keywords=guitar&qid=1664042210&sr=8-103
111,Intern,"INTERN Cutaway Design Acoustic Guitar Pack -Humidity Proof, Bend resistance, Durable Action, Natural tone & bright resonance. Black Carbon Fibre/Fiber Guitar with Bag, Strap, Strings set & Plectrums.","₹2,299.00",7 Days Replacement,"Wednesday, 5 October",In stock.,https://www.amazon.in/Acoustic-Humidity-resistance-resonance-Plectrums/dp/B09RQZ6HM2/ref=sr_1_104?keywords=guitar&qid=1664042210&sr=8-104
112,Kadence,Kadence Acoustica Series Semi Acoustic Ash Wood with Equlizer A-06 (Guitar Super Combo with Accessories),"₹7,999.00",7 Days Replacement,"Thursday, 29 September",In stock.,https://www.amazon.in/Kadence-Acoustica-Acoustic-Equlizer-Accessories/dp/B09BVH7BMJ/ref=sr_1_105?keywords=guitar&qid=1664042210&sr=8-105
113,JUAREZ,"JUAREZ Arpeggio 41 Inch Acoustic Guitar Kit, Spruce Top, Rosewood Fretboard & Bridge, Truss Rod, Chrome Die Cast Machine Tuners, Blue Sunburst","₹5,737.00",7 Days Replacement,"Wednesday, 28 September",In stock.,https://www.amazon.in/JUAREZ-Arpeggio-Acoustic-Rosewood-Fretboard/dp/B08LBH5DB8/ref=sr_1_106?keywords=guitar&qid=1664042210&sr=8-106
114,blueberry,"Blueberry R-701, 6 String Right Handed Beginner Full Size Rosewood Fret board Electric Guitar with Bag, Strap, One Set of Strings and 2 Picks (Blue)","₹5,999.00",7 Days Replacement,"Thursday, 29 September",,https://www.amazon.in/Blueberry-Beginner-Rosewood-Electric-Strings/dp/B0B8RSKTZ3/ref=sr_1_97?keywords=guitar&qid=1664042210&smid=A3HCWE0HCT5KDF&sr=8-97
115,Intern,"INTERN 40 inches Acoustic Guitar with Pick-up & truss rod, carry bag, strings pack, strap & picks. Premium Wooden durable built, Best tonal stability with professional sound amplificaiton. (Sunburst).","₹4,178.00",7 Days Replacement,"Wednesday, 28 September",In stock.,https://www.amazon.in/Acoustic-stability-professional-amplificaiton-Sunburst/dp/B09YH8TVW7/ref=sr_1_98?keywords=guitar&qid=1664042210&sr=8-98
116,Fender,Fender CD 60 Dread V3 DS 6 String Acoustic Guitar - Walnut Fretboard-Black,"₹12,499.00",7 Days Replacement,"Wednesday, 28 September",In stock.,https://www.amazon.in/Fender-Dread-String-Acoustic-Guitar/dp/B07RM4B5LJ/ref=sr_1_99?keywords=guitar&qid=1664042210&sr=8-99
117,Medellin,"Medellin 38"" Acoustic Guitar Carbon Fiber body+(Free Online Learning Course) - Durable Matt finish with handrest, strings, strap, bag, 3 Picks, capo, stand. (red)","₹2,299.00",7 Days Replacement,"Friday, 30 September",In stock.,https://www.amazon.in/Medellin-carbn-fiber-guitar-38inch/dp/B09MSGVCDV/ref=sr_1_100?keywords=guitar&qid=1664042210&sr=8-100
118,Fender,Fender CD60s Dreadnought Acoustic Guitar (Mahagony),"₹18,989.00",7 Days Replacement,"Thursday, 29 September",,https://www.amazon.in/Fender-961702021-Dreadnought-Acoustic-Multicolor/dp/B01N4RWSX1/ref=sr_1_101?keywords=guitar&qid=1664042210&smid=A1WYWER0W24N8S&sr=8-101
119,YAMAHA,"Yamaha Electric-Acoustic Guitar FX280 Dreadnought With Mexa Sponge Guitar Bag, Belt,Plectrums (Natural)","₹12,439.00",7 Days Replacement,"Thursday, 29 September",In stock.,https://www.amazon.in/Electric-Acoustic-FX280-Dreadnought-Plectrums-Natural/dp/B09HSDVQDT/ref=sr_1_102?keywords=guitar&qid=1664042210&sr=8-102
120,Fender,Fender 0930307021 SA-105CE Dreadnought Cutaway Electric Guitar - Natural,"₹12,485.00",7 Days Replacement,"Thursday, 29 September",,https://www.amazon.in/Fender-0930307021-SA-105CE-Dreadnought-Electric/dp/B009X3PLRC/ref=sr_1_103?keywords=guitar&qid=1664042210&smid=A1WYWER0W24N8S&sr=8-103
121,Intern,"INTERN Cutaway Design Acoustic Guitar Pack -Humidity Proof, Bend resistant, Durable Action, Natural tone & resonance. Sunburst Carbon Fibre/Fiber Guitar with carry bag, Strap, Strings set, Picks.","₹2,399.00",7 Days Replacement,"Wednesday, 28 September",In stock.,https://www.amazon.in/Acoustic-Humidity-resistant-resonance-Sunburst/dp/B09RQYYQBB/ref=sr_1_104?keywords=guitar&qid=1664042210&sr=8-104
122,Cort,"Cort AD810BKS Standard Dreadnought Guitar, Spruce Top, Mahogany Back & Sides, Black Satin","₹10,549.00",7 Days Replacement,"Wednesday, 28 September",In stock.,https://www.amazon.in/Cort-AD810BKS-Standard-Dreadnought-Mahogany/dp/B00KQEXK2A/ref=sr_1_105?keywords=guitar&qid=1664042210&sr=8-105
123,Revel,"Revel Acoustic Guitar with Carry bag and Plectrums. Beginner and Learners standard size configuration (Blue),Full,RVL-38C-LGP-BLS","₹2,210.00",7 Days Replacement,"Wednesday, 28 September",In stock.,https://www.amazon.in/Revel-RVL-38C-LGP-BLS-Linden-Acoustic-Guitar/dp/B085HWKDCY/ref=sr_1_106?keywords=guitar&qid=1664042210&sr=8-106
124,JUAREZ,"JUAREZ Arpeggio Guitar JRA41MAH-F, mahogany","₹5,064.96",7 Days Replacement,"Wednesday, 28 September",In stock.,https://www.amazon.in/JUAREZ-Arpeggio-Guitar-JRA41MAH-F-mahogany/dp/B08MWBP88T/ref=sr_1_107?keywords=guitar&qid=1664042210&sr=8-107
125,YAMAHA,"Yamaha PACIFICA012 Electric Guitar, Dark Blue Metallic","₹14,850.00",7 Days Replacement,"Sunday, 2 October",Only 1 left in stock.,https://www.amazon.in/Yamaha-PACIFICA012-Electric-Guitar-Metallic/dp/B00REF6CII/ref=sr_1_108?keywords=guitar&qid=1664042210&sr=8-108
126,JUAREZ,"Juârez Acoustic Guitar, 38 Inch Cutaway, JRZ38C with Bag, Strings, Pick and Strap, Red","₹2,516.00",7 Days Replacement,"Wednesday, 28 September",In stock.,https://www.amazon.in/JUAREZ-JRZ38C-Handed-Acoustic-Strings/dp/B01FYYTDW2/ref=sr_1_109?keywords=guitar&qid=1664042210&sr=8-109
127,Jackson,Jackson JS Series Dinky JS11 Electric Guitar (Metallic Red),"₹16,720.00",7 Days Replacement,"Thursday, 29 September",In stock.,https://www.amazon.in/Jackson-JS-Dinky-JS11-Electric/dp/B00SKJGZLG/ref=sr_1_110?keywords=guitar&qid=1664042210&sr=8-110
128,Kadence,"Kadence Frontier Jumbo Semi Acoustic Guitar With Die Cast Keys Super Combo (Bag, 1 pack Strings, Strap, Picks, Capo (natural)","₹6,499.00",7 Days Replacement,"Thursday, 29 September",In stock.,https://www.amazon.in/Kadence-Frontier-Acoustic-Equalizer-Strings/dp/B01HRIHH9E/ref=sr_1_111?keywords=guitar&qid=1664042210&sr=8-111
129,JUAREZ,"Juârez JRZ38C/WH 6 Strings Acoustic Guitar 38 Inch Cutaway, Right Handed, White with Bag, Strings, Picks and Strap","₹2,997.00",7 Days Replacement,"Wednesday, 28 September",In stock.,https://www.amazon.in/Ju%C3%A2rez-JRZ38C-WH-Strings-Acoustic/dp/B072MFK4L6/ref=sr_1_112?keywords=guitar&qid=1664042210&sr=8-112
130,blueberry,"Blueberry B-D38, 38 Inch Acoustic Guitar Kit Inbuilt Truss Rod with Bag, Strap, One Pack Strings And Picks (Sunburst)","₹2,516.00",7 Days Replacement,"Thursday, 29 September",In stock.,https://www.amazon.in/Blueberry-B-D38-Acoustic-Inbuilt-Sunburst/dp/B08LNP8KGS/ref=sr_1_113?keywords=guitar&qid=1664042210&sr=8-113
131,GIVSON,Givson Crown Standard CRST-N 6-String Cutaway Right Hand Acoustic Guitar with Bag (Natural),"₹6,360.00",7 Days Replacement,September 29 - October 3,Only 1 left in stock.,https://www.amazon.in/Givson-Standard-CRST-N-6-String-Acoustic/dp/B01D9OKD1Y/ref=sr_1_114?keywords=guitar&qid=1664042210&sr=8-114
132,Intern,"Intern INT-38C-L-BLS Left Hand Acoustic Guitar Kit, With Bag, Strings, Pick And Strap, Blue","₹2,126.00",7 Days Replacement,"Wednesday, 28 September",Only 1 left in stock.,https://www.amazon.in/Intern-INT-38C-L-BLS-Left-Acoustic-Guitar/dp/B07J4VX4D7/ref=sr_1_115?keywords=guitar&qid=1664042210&sr=8-115
133,Intern,"INTERN 40 inches Acoustic Guitar with Pick-up & truss rod, carry bag, strings pack, strap & picks. Premium Wooden durable built, Best tonal stability with professional sound amplificaiton. (Stripes)","₹5,183.19",7 Days Replacement,"Wednesday, 28 September",In stock.,https://www.amazon.in/Acoustic-Pick-up-stability-professional-amplificaiton/dp/B09YH9BYVP/ref=sr_1_116?keywords=guitar&qid=1664042210&sr=8-116
134,Intern,"INTERN 41 inches Cutaway Shape Acoustic Guitar with truss rod. Includes plectrums. Premium Wooden durable built, Best tonal stability and bend resistance (Refreshing Natural).","₹3,324.00",7 Days Replacement,"Wednesday, 28 September",In stock.,https://www.amazon.in/Acoustic-plectrums-stability-resistance-Refreshing/dp/B09YH8FGL6/ref=sr_1_117?keywords=guitar&qid=1664042210&sr=8-117
135,Intern,"INTERN Cutaway Design Acoustic Guitar Pack -Humidity Proof, Bend resistant, Durable Action, Natural tone & resonance. Natural Carbon Fibre/Fiber Guitar with Bag, Strap, Strings set & Plectrums.","₹2,399.00",7 Days Replacement,"Wednesday, 28 September",In stock.,https://www.amazon.in/Acoustic-Humidity-resistant-resonance-Plectrums/dp/B09RQZG25Q/ref=sr_1_118?keywords=guitar&qid=1664042210&sr=8-118
136,Fender,"Fender SA105CE Electric Acoustic Guitar With Bag, Belt & Plectrums, String Set Combo Pack (NT)","₹12,488.00",7 Days Replacement,"Thursday, 29 September",In stock.,https://www.amazon.in/Fender-SA105CE-Electric-Acoustic-Plectrums/dp/B0944BJ9KZ/ref=sr_1_119?keywords=guitar&qid=1664042210&sr=8-119
137,JUAREZ,"JUAREZ Arpeggio 99.06 cm (39 Inch) Semi-Acoustic Guitar Kit, Spruce Top, Rosewood Fretboard & Bridge, Truss Rod, 4 Band EQ, Chrome Die Cast Machine Tuners, Black","₹6,165.00",7 Days Replacement,"Thursday, 29 September",In stock.,https://www.amazon.in/JUAREZ-Arpeggio-Semi-Acoustic-Rosewood-Fretboard/dp/B08LBG3F36/ref=sr_1_120?keywords=guitar&qid=1664042210&sr=8-120
138,YAMAHA,"Yamaha C40M Classical Guitar, Mahagony","₹7,990.00",7 Days Replacement,"Wednesday, 5 October",In stock.,https://www.amazon.in/Yamaha-C40MII-Acoustic-Concert-Guitar/dp/B005LG2JRK/ref=sr_1_121?keywords=guitar&qid=1664042210&sr=8-121
139,Epiphone,"Epiphone Les Paul Muse 6 String Right Handed Electric Guitar, Wanderlust Green Metallic","₹52,562.00",7 Days Replacement,"Thursday, 29 September",In stock.,https://www.amazon.in/Epiphone-String-Electric-Wanderlust-Metallic/dp/B08628Z2NZ/ref=sr_1_122?keywords=guitar&qid=1664042210&sr=8-122
140,Intern,"INTERN 41 inches Acoustic Guitar with truss rod. Includes carry bag, strings pack, strap & plectrums. Premium Wooden durable built, tonal stability & for all age-groups(Electric Blue).","₹3,399.00",7 Days Replacement,"Wednesday, 28 September",In stock.,https://www.amazon.in/Acoustic-plectrums-stability-age-groups-Electric/dp/B09YH8JRZH/ref=sr_1_123?keywords=guitar&qid=1664042210&sr=8-123
141,YAMAHA,YAMAHA WINNING STROKE F280 Acoustic Guitar with Bag Combo (Natural),"₹8,280.00",7 Days Replacement,"Thursday, 29 September",Only 1 left in stock.,https://www.amazon.in/YAMAHA-WINNING-F280-Acoustic-Natural/dp/B0842J4VYL/ref=sr_1_124?keywords=guitar&qid=1664042210&sr=8-124
142,Intern,"INTERN 41 inches Acoustic Guitar with truss rod. Includes carry bag, strings pack, strap & plectrums. Premium Wooden durable built, tonal stability & for all age-groups (Sparkling White).","₹3,527.16",7 Days Replacement,"Wednesday, 28 September",In stock.,https://www.amazon.in/Acoustic-plectrums-stability-age-groups-Sparkling/dp/B09YH8C4D5/ref=sr_1_125?keywords=guitar&qid=1664042210&sr=8-125
143,Fender,"Fender Squier 0310001506 Bullet Stratocaster 6-String Electric Guitar, Right-Handed, Black, Rosewood Fretboard","₹12,500.00",7 Days Replacement,"Thursday, 29 September",,https://www.amazon.in/Fender-0310001506-Stratocaster-Right-Handed-Fretboard/dp/B001J5RYXQ/ref=sr_1_126?keywords=guitar&qid=1664042210&smid=A2ASVKNZ46FPCY&sr=8-126
144,Henrix,"Henrix 38 CLH Left Handed Cutway Acoustic Guitar with Dual Action Truss Rod, Gigbag, Picks, String Set, Strap & Polishing Cloth - Natural","₹2,707.00",7 Days Replacement,"Wednesday, 28 September",In stock.,https://www.amazon.in/Henrix-Handed-Cutway-Acoustic-Polishing/dp/B08R3DKYGM/ref=sr_1_127?keywords=guitar&qid=1664042210&sr=8-127
145,Pluto,Pluto HW39C-201P 39-inch Cutaway Semi-Acoustic Guitar (Natural),"₹7,040.00",7 Days Replacement,"Wednesday, 28 September",Only 1 left in stock (more on the way).,https://www.amazon.in/Pluto-HW39C-201P-39-inch-Cutaway-Semi-Acoustic/dp/B07F2LXJ4K/ref=sr_1_128?keywords=guitar&qid=1664042210&sr=8-128
146,Intern,"INTERN Cutaway Design Acoustic Guitar Pack -Humidity Proof, Bend resistance, Durable Action, Natural tone & bright resonance. Red Carbon Fibre/Fiber Guitar with Bag, Strap, Strings set & Plectrums.","₹2,399.00",7 Days Replacement,"Wednesday, 28 September",In stock.,https://www.amazon.in/Acoustic-Humidity-resistance-resonance-Plectrums/dp/B09RR1SG7X/ref=sr_1_129?keywords=guitar&qid=1664042210&sr=8-129
147,Intern,"INTERN 40 inches Acoustic Guitar with Pick-up & truss rod, carry bag, strings pack, strap & picks. Premium Wooden durable built, Best tonal stability with professional sound amplificaiton. (ASH).","₹4,239.77",7 Days Replacement,"Wednesday, 28 September",In stock.,https://www.amazon.in/Acoustic-Pick-up-stability-professional-amplificaiton/dp/B09YH8X5CL/ref=sr_1_130?keywords=guitar&qid=1664042210&sr=8-130
148,Kadence,"Kadence Frontier Series,Black Acoustic Guitar With Die Cast Keys Combo (Bag,strap,strings and 3 picks)","₹4,999.00",7 Days Replacement,"Friday, 30 September",In stock.,https://www.amazon.in/Kadence-Frontier-Acoustic-Guitar-Strings/dp/B01CJJG328/ref=sr_1_131?keywords=guitar&qid=1664042210&sr=8-131
149,Tanglewood,"Tanglewood Crossroads TWCR SFCE Semi Acoustic Guitar, 6 Strings, Super Folk Cutaway, Whiskey Barrel Burst Satin Finish","₹14,395.00",7 Days Replacement,"Tuesday, 4 October",In stock.,https://www.amazon.in/Tanglewood-Crossroads-TWCR-SFCE-Acoustic/dp/B01M7R9JOT/ref=sr_1_132?keywords=guitar&qid=1664042210&sr=8-132
150,Fender,"Fender FA135CE Electric Acoustic Guitar Concert Body V2 (Inbuilt Fishman Pickup) With Sponge Bag, Belt, String Set, & Plectrums Combo Pack","₹20,999.00",7 Days Replacement,"Friday, 30 September",Only 1 left in stock.,https://www.amazon.in/Fender-FA135CE-Electric-Acoustic-Plectrums/dp/B09NGWQQL5/ref=sr_1_133?keywords=guitar&qid=1664042210&sr=8-133
151,Fender,Fender Model FA-15 Nat 3/4 Size Steel Stringed Acoustic Guitar with Gig Bag-971170121,"₹15,174.00",7 Days Replacement,"Thursday, 29 September",In stock.,https://www.amazon.in/Fender-String-Beginner-Acoustic-Guitar/dp/B07BCN6FFH/ref=sr_1_134?keywords=guitar&qid=1664042210&sr=8-134
